country,corr_fullypct_vs_deaths_pm_plus21
Serbia,0.06633120730733745
Norway,0.14128859878316785
Germany,-0.016353686820934132
